9780073398273,5
9780078028229,5
9780130909961,5
9780132847377,7
9780133128901,10
9780133591620,6
9780133594140,7
9780133943030,5
9780133970777,10
9780134319650,5
9780134610993,7
9780136086208,10
9780190065812,2
9780195392883,3
9780321321367,5
9780521845274,5
9780528020469,2
9780596009762,5
9780691171692,3
9780716601180,2
9780990637202,6
9781108496827,5
9781118504222,5
9781133187790,5
9781259129919,2
9781260440232,3
9781449355739,7
9781484226032,2
9783319944623,5
9789382332688,5
