901901901,9992123434,Home
902902902,9992125656,Home
903903903,9992128787,Home
904904904,8883436767,Home
905905905,9876667575,Home
906906906,7878685959,Home
907907907,7773453463,Home
908908908,8794445768,Home
909909909,8984443838,Home
910910910,9875654747,Home
911911911,9638636420,Home
912912912,9887876887,Home
901901901,3231445656,Mobile
902902902,4335456767,Mobile
903903903,3145768789,Mobile
904904904,3142327878,Mobile
905905905,2309889787,Mobile
906906906,3435556767,Mobile
907907907,3145559090,Mobile
908908908,2039998787,Mobile
909909909,2124876464,Mobile
910910910,9876867878,Mobile
911911911,3427889099,Mobile
912912912,4623559887,Mobile
